# subj	index_traj	path	conditions	condition	cond_sum	mean_side	mean_val	sd	last_visibl_side	f_missing_pos	last_visibl_center_dist[deg]	response	prop_left	RT_s	exept_prop_left_lv	acc_lv
22	56	iid	LR	different	iid_different	left	-0.974	2.955	right	9	5.179	1	0	0.399	1	0
22	37	iid	LL	same	iid_same	left	-1.988	5.494	left	30	-5.674	-1	1	0.592	1	1
22	67	iid	LR	different	iid_different	left	-1.011	3.712	right	14	2.576	1	0	0.558	1	0
22	79	iid	LR	different	iid_different	left	-2.149	4.637	right	22	6.019	1	0	0.7	1	0
22	80	iid	LR	different	iid_different	left	-1.134	4.973	right	25	3.726	1	0	0.664	1	0
22	188	iid	RR	same	iid_same	right	2.822	5.379	right	29	8.417	-1	1	0.489	0	0
22	183	iid	RR	same	iid_same	right	2.547	5.207	right	27	4.706	1	0	0.504	0	1
22	10	iid	LL	same	iid_same	left	-1.646	3.03	left	9	-6.579	-1	1	0.832	1	1
22	128	iid	RL	different	iid_different	right	0.87	4.088	left	17	-2.599	1	0	0.589	0	1
22	62	iid	LR	different	iid_different	left	-1.05	3.553	right	13	3.169	-1	1	0.471	1	1
22	65	iid	LR	different	iid_different	left	-2.055	3.917	right	16	5.82	1	0	0.542	1	0
22	17	iid	LL	same	iid_same	left	-2.376	3.95	left	16	-7.381	-1	1	0.39	1	1
22	133	iid	RL	different	iid_different	right	1.014	5.344	left	29	-3.279	1	0	0.572	0	1
22	195	iid	RR	same	iid_same	right	0.81	6.405	right	41	10.068	1	0	0.759	0	1
22	146	iid	RL	different	iid_different	right	1.995	6.028	left	36	-3.041	1	0	0.718	0	1
22	38	iid	LL	same	iid_same	left	-2.822	5.379	left	29	-8.417	-1	1	0.4385	1	1
22	173	iid	RR	same	iid_same	right	2.217	4.012	right	16	3.328	1	0	0.579	0	1
22	149	iid	RL	different	iid_different	right	1.186	6.295	left	40	-3.668	1	0	0.4385	0	1
22	93	iid	LR	different	iid_different	left	-1.486	6.421	right	41	8.888	-1	1	0.498	1	1
22	29	iid	LL	same	iid_same	left	-1.621	4.376	left	19	-14.001	-1	1	0.37	1	1
22	0	iid	LL	same	iid_same	left	-1.672	2.125	left	5	-3.182	-1	1	0.286	1	1
22	2	iid	LL	same	iid_same	left	-2.413	2.537	left	6	-6.728	-1	1	0.23	1	1
22	122	iid	RL	different	iid_different	right	1.283	4.911	left	24	-3.587	-1	1	0.575	0	0
22	180	iid	RR	same	iid_same	right	1.432	5.195	right	27	7.161	1	0	0.404	0	1
22	95	iid	LR	different	iid_different	left	-1.969	6.295	right	40	10.722	1	0	0.455	1	0
22	121	iid	RL	different	iid_different	right	1.764	4.73	left	22	-2.728	1	0	0.32	0	1
22	185	iid	RR	same	iid_same	right	2.32	5.071	right	26	7.877	1	0	0.427	0	1
22	39	iid	LL	same	iid_same	left	-2.719	5.571	left	31	-10.583	-1	1	0.464	1	1
22	66	iid	LR	different	iid_different	left	-2.091	3.596	right	13	5.348	-1	1	0.41	1	1
22	19	iid	LL	same	iid_same	left	-1.394	3.481	left	12	-5.649	-1	1	0.374	1	1
22	11	iid	LL	same	iid_same	left	-1.454	3.202	left	10	-2.972	-1	1	0.249	1	1
22	45	iid	LL	same	iid_same	left	-0.81	6.405	left	41	-10.068	-1	1	0.345	1	1
22	41	iid	LL	same	iid_same	left	-2.078	6.196	left	38	-11.804	-1	1	0.381	1	1
22	92	iid	LR	different	iid_different	left	-1.12	6.035	right	36	5.179	-1	1	0.494	1	1
22	168	iid	RR	same	iid_same	right	1.853	3.209	right	10	4.809	1	0	0.455	0	1
22	1	iid	LL	same	iid_same	left	-1.432	2.804	left	8	-3.469	-1	1	0.281	1	1
22	57	iid	LR	different	iid_different	left	-2.189	2.964	right	9	2.592	-1	1	0.28	1	1
22	189	iid	RR	same	iid_same	right	2.719	5.571	right	31	10.583	1	0	0.435	0	1
22	151	iid	RR	same	iid_same	right	1.432	2.804	right	8	3.469	1	0	0.328	0	1
22	167	iid	RR	same	iid_same	right	2.376	3.95	right	16	7.381	1	0	0.657	0	1
22	116	iid	RL	different	iid_different	right	2.091	3.596	left	13	-5.348	1	0	0.237	0	1
22	138	iid	RL	different	iid_different	right	1.027	5.533	left	31	-3.742	1	0	0.436	0	1
22	155	iid	RR	same	iid_same	right	2.123	2.129	right	5	3.169	1	0	0.225	0	1
22	82	iid	LR	different	iid_different	left	-0.915	5.411	right	29	4.576	1	0	0.54	1	0
22	160	iid	RR	same	iid_same	right	1.646	3.03	right	9	6.579	1	0	0.284	0	1
22	181	iid	RR	same	iid_same	right	2.689	5.667	right	33	13.897	1	0	0.485	0	1
22	171	iid	RR	same	iid_same	right	2.081	4.839	right	24	11.931	1	0	0.429	0	1
22	12	iid	LL	same	iid_same	left	-1.311	3.437	left	12	-3.281	-1	1	0.23	1	1
22	55	iid	LR	different	iid_different	left	-1.076	2.085	right	4	4.474	-1	1	0.311	1	1
22	77	iid	LR	different	iid_different	left	-1.239	4.403	right	19	7.711	1	0	0.553	1	0
22	56	rdw	LR	different	rdw_different	left	-0.974	2.955	right	9	5.179	1	0	0.279	0	1
22	37	rdw	LL	same	rdw_same	left	-1.988	5.494	left	30	-5.674	-1	1	0.462	1	1
22	67	rdw	LR	different	rdw_different	left	-1.011	3.712	right	14	2.576	1	0	0.31	0	1
22	79	rdw	LR	different	rdw_different	left	-2.149	4.637	right	22	6.019	1	0	0.389	0	1
22	80	rdw	LR	different	rdw_different	left	-1.134	4.973	right	25	3.726	1	0	0.455	0	1
22	188	rdw	RR	same	rdw_same	right	2.822	5.379	right	29	8.417	1	0	0.422	0	1
22	183	rdw	RR	same	rdw_same	right	2.547	5.207	right	27	4.706	1	0	0.345	0	1
22	10	rdw	LL	same	rdw_same	left	-1.646	3.03	left	9	-6.579	-1	1	0.307	1	1
22	128	rdw	RL	different	rdw_different	right	0.87	4.088	left	17	-2.599	-1	1	0.416	1	1
22	62	rdw	LR	different	rdw_different	left	-1.05	3.553	right	13	3.169	-1	1	0.332	0	0
22	65	rdw	LR	different	rdw_different	left	-2.055	3.917	right	16	5.82	1	0	0.325	0	1
22	17	rdw	LL	same	rdw_same	left	-2.376	3.95	left	16	-7.381	-1	1	0.356	1	1
22	133	rdw	RL	different	rdw_different	right	1.014	5.344	left	29	-3.279	-1	1	0.603	1	1
22	195	rdw	RR	same	rdw_same	right	0.81	6.405	right	41	10.068	1	0	0.451	0	1
22	146	rdw	RL	different	rdw_different	right	1.995	6.028	left	36	-3.041	-1	1	0.412	1	1
22	38	rdw	LL	same	rdw_same	left	-2.822	5.379	left	29	-8.417	-1	1	0.371	1	1
22	173	rdw	RR	same	rdw_same	right	2.217	4.012	right	16	3.328	1	0	0.293	0	1
22	149	rdw	RL	different	rdw_different	right	1.186	6.295	left	40	-3.668	-1	1	0.416	1	1
22	93	rdw	LR	different	rdw_different	left	-1.486	6.421	right	41	8.888	1	0	0.356	0	1
22	29	rdw	LL	same	rdw_same	left	-1.621	4.376	left	19	-14.001	-1	1	0.304	1	1
22	0	rdw	LL	same	rdw_same	left	-1.672	2.125	left	5	-3.182	-1	1	0.253	1	1
22	2	rdw	LL	same	rdw_same	left	-2.413	2.537	left	6	-6.728	-1	1	0.175	1	1
22	122	rdw	RL	different	rdw_different	right	1.283	4.911	left	24	-3.587	-1	1	0.371	1	1
22	180	rdw	RR	same	rdw_same	right	1.432	5.195	right	27	7.161	1	0	0.384	0	1
22	95	rdw	LR	different	rdw_different	left	-1.969	6.295	right	40	10.722	1	0	0.501	0	1
22	121	rdw	RL	different	rdw_different	right	1.764	4.73	left	22	-2.728	-1	1	0.307	1	1
22	185	rdw	RR	same	rdw_same	right	2.32	5.071	right	26	7.877	1	0	0.723	0	1
22	39	rdw	LL	same	rdw_same	left	-2.719	5.571	left	31	-10.583	-1	1	0.367	1	1
22	66	rdw	LR	different	rdw_different	left	-2.091	3.596	right	13	5.348	1	0	0.264	0	1
22	19	rdw	LL	same	rdw_same	left	-1.394	3.481	left	12	-5.649	-1	1	0.203	1	1
22	11	rdw	LL	same	rdw_same	left	-1.454	3.202	left	10	-2.972	-1	1	0.233	1	1
22	45	rdw	LL	same	rdw_same	left	-0.81	6.405	left	41	-10.068	-1	1	0.43	1	1
22	41	rdw	LL	same	rdw_same	left	-2.078	6.196	left	38	-11.804	-1	1	0.483	1	1
22	92	rdw	LR	different	rdw_different	left	-1.12	6.035	right	36	5.179	1	0	0.437	0	1
22	168	rdw	RR	same	rdw_same	right	1.853	3.209	right	10	4.809	1	0	0.408	0	1
22	1	rdw	LL	same	rdw_same	left	-1.432	2.804	left	8	-3.469	-1	1	0.296	1	1
22	57	rdw	LR	different	rdw_different	left	-2.189	2.964	right	9	2.592	1	0	0.31	0	1
22	189	rdw	RR	same	rdw_same	right	2.719	5.571	right	31	10.583	1	0	0.416	0	1
22	151	rdw	RR	same	rdw_same	right	1.432	2.804	right	8	3.469	1	0	0.243	0	1
22	167	rdw	RR	same	rdw_same	right	2.376	3.95	right	16	7.381	1	0	0.335	0	1
22	116	rdw	RL	different	rdw_different	right	2.091	3.596	left	13	-5.348	-1	1	0.254	1	1
22	138	rdw	RL	different	rdw_different	right	1.027	5.533	left	31	-3.742	-1	1	0.359	1	1
22	155	rdw	RR	same	rdw_same	right	2.123	2.129	right	5	3.169	1	0	0.189	0	1
22	82	rdw	LR	different	rdw_different	left	-0.915	5.411	right	29	4.576	1	0	0.352	0	1
22	160	rdw	RR	same	rdw_same	right	1.646	3.03	right	9	6.579	1	0	0.314	0	1
22	181	rdw	RR	same	rdw_same	right	2.689	5.667	right	33	13.897	1	0	0.342	0	1
22	171	rdw	RR	same	rdw_same	right	2.081	4.839	right	24	11.931	1	0	0.422	0	1
22	12	rdw	LL	same	rdw_same	left	-1.311	3.437	left	12	-3.281	-1	1	0.281	1	1
22	55	rdw	LR	different	rdw_different	left	-1.076	2.085	right	4	4.474	-1	1	0.197	0	0
22	77	rdw	LR	different	rdw_different	left	-1.239	4.403	right	19	7.711	1	0	0.319	0	1
22	22	iid	LL	same	iid_same	left	-1.158	4.684	left	22	-3.138	1	0	0.49	1	0
22	129	iid	RL	different	iid_different	right	2.149	4.637	left	22	-6.019	1	0	0.496	0	1
22	105	iid	RL	different	iid_different	right	1.076	2.085	left	4	-4.474	1	0	0.213	0	1
22	102	iid	RL	different	iid_different	right	1.512	2.3	left	5	-5.012	-1	1	0.384	0	0
22	159	iid	RR	same	iid_same	right	1.71	2.788	right	8	5.391	1	0	0.409	0	1
22	9	iid	LL	same	iid_same	left	-1.71	2.788	left	8	-5.391	-1	1	0.598	1	1
22	15	iid	LL	same	iid_same	left	-2.085	3.039	left	9	-3.017	-1	1	0.672	1	1
22	150	iid	RR	same	iid_same	right	1.672	2.125	right	5	3.182	1	0	0.37	0	1
22	76	iid	LR	different	iid_different	left	-1.794	4.732	right	22	6.096	-1	1	0.346	1	1
22	119	iid	RL	different	iid_different	right	2.377	3.329	left	11	-2.683	1	0	0.27	0	1
22	71	iid	LR	different	iid_different	left	-1.764	4.73	right	22	2.728	-1	1	0.425	1	1
22	90	iid	LR	different	iid_different	left	-2.17	6.546	right	43	2.644	1	0	0.4385	1	0
22	100	iid	RL	different	iid_different	right	2.251	2.722	left	8	-3.383	1	0	0.269	0	1
22	44	iid	LL	same	iid_same	left	-1.816	6.152	left	38	-4.335	1	0	0.822	1	0
22	94	iid	LR	different	iid_different	left	-1.676	6.092	right	37	6.022	1	0	0.616	1	0
22	176	iid	RR	same	iid_same	right	1.929	4.66	right	22	8.105	1	0	0.4385	0	1
22	142	iid	RL	different	iid_different	right	1.12	6.035	left	36	-5.179	1	0	0.4385	0	1
22	113	iid	RL	different	iid_different	right	1.892	3.745	left	14	-4.613	-1	1	0.57	0	0
22	53	iid	LR	different	iid_different	left	-0.961	2.657	right	7	2.843	-1	1	0.681	1	1
22	20	iid	LL	same	iid_same	left	-2.263	4.205	left	18	-3.056	-1	1	0.308	1	1
22	30	iid	LL	same	iid_same	left	-1.432	5.195	left	27	-7.161	-1	1	0.603	1	1
22	114	iid	RL	different	iid_different	right	1.583	3.228	left	10	-4.674	-1	1	0.406	0	0
22	172	iid	RR	same	iid_same	right	1.158	4.684	right	22	3.138	-1	1	0.369	0	0
22	26	iid	LL	same	iid_same	left	-1.929	4.66	left	22	-8.105	-1	1	0.519	1	1
22	50	iid	LR	different	iid_different	left	-2.251	2.722	right	8	3.383	-1	1	0.368	1	1
22	192	iid	RR	same	iid_same	right	1.954	6.647	right	44	13.663	1	0	0.563	0	1
22	179	iid	RR	same	iid_same	right	1.621	4.376	right	19	14.001	1	0	0.467	0	1
22	184	iid	RR	same	iid_same	right	2.325	5.238	right	27	4.616	1	0	0.676	0	1
22	199	iid	RR	same	iid_same	right	1.82	6.317	right	40	5.053	1	0	0.526	0	1
22	109	iid	RL	different	iid_different	right	1.193	2.511	left	6	-2.767	1	0	0.376	0	1
22	115	iid	RL	different	iid_different	right	2.055	3.917	left	16	-5.82	1	0	0.604	0	1
22	98	iid	LR	different	iid_different	left	-0.971	6.212	right	39	8.275	1	0	0.551	1	0
22	97	iid	LR	different	iid_different	left	-1.346	6.31	right	40	3.058	-1	1	0.785	1	1
22	69	iid	LR	different	iid_different	left	-2.377	3.329	right	11	2.683	-1	1	0.225	1	1
22	161	iid	RR	same	iid_same	right	1.454	3.202	right	10	2.972	1	0	0.381	0	1
22	174	iid	RR	same	iid_same	right	1.157	4.176	right	17	2.95	1	0	0.4385	0	1
22	107	iid	RL	different	iid_different	right	2.189	2.964	left	9	-2.592	1	0	0.4385	0	1
22	72	iid	LR	different	iid_different	left	-1.283	4.911	right	24	3.587	-1	1	0.523	1	1
22	88	iid	LR	different	iid_different	left	-1.027	5.533	right	31	3.742	-1	1	0.653	1	1
22	130	iid	RL	different	iid_different	right	1.134	4.973	left	25	-3.726	1	0	0.594	0	1
22	96	iid	LR	different	iid_different	left	-1.995	6.028	right	36	3.041	1	0	0.701	1	0
22	86	iid	LR	different	iid_different	left	-1.405	5.417	right	29	4.991	-1	1	0.512	1	1
22	101	iid	RL	different	iid_different	right	0.806	2.319	left	5	-3.749	1	0	0.533	0	1
22	18	iid	LL	same	iid_same	left	-1.853	3.209	left	10	-4.809	-1	1	0.397	1	1
22	190	iid	RR	same	iid_same	right	2.137	6.102	right	37	2.857	1	0	0.767	0	1
22	164	iid	RR	same	iid_same	right	2.465	3.163	right	10	5.991	1	0	0.472	0	1
22	144	iid	RL	different	iid_different	right	1.676	6.092	left	37	-6.022	1	0	0.4385	0	1
22	148	iid	RL	different	iid_different	right	0.971	6.212	left	39	-8.275	1	0	0.4385	0	1
22	140	iid	RL	different	iid_different	right	2.17	6.546	left	43	-2.644	1	0	0.708	0	1
22	143	iid	RL	different	iid_different	right	1.486	6.421	left	41	-8.888	1	0	0.568	0	1
22	22	rdw	LL	same	rdw_same	left	-1.158	4.684	left	22	-3.138	-1	1	0.371	1	1
22	129	rdw	RL	different	rdw_different	right	2.149	4.637	left	22	-6.019	-1	1	0.432	1	1
22	105	rdw	RL	different	rdw_different	right	1.076	2.085	left	4	-4.474	-1	1	0.663	1	1
22	102	rdw	RL	different	rdw_different	right	1.512	2.3	left	5	-5.012	-1	1	0.828	1	1
22	159	rdw	RR	same	rdw_same	right	1.71	2.788	right	8	5.391	1	0	0.564	0	1
22	9	rdw	LL	same	rdw_same	left	-1.71	2.788	left	8	-5.391	-1	1	0.314	1	1
22	15	rdw	LL	same	rdw_same	left	-2.085	3.039	left	9	-3.017	-1	1	0.3925	1	1
22	150	rdw	RR	same	rdw_same	right	1.672	2.125	right	5	3.182	1	0	0.3925	0	1
22	76	rdw	LR	different	rdw_different	left	-1.794	4.732	right	22	6.096	1	0	0.481	0	1
22	119	rdw	RL	different	rdw_different	right	2.377	3.329	left	11	-2.683	-1	1	0.552	1	1
22	71	rdw	LR	different	rdw_different	left	-1.764	4.73	right	22	2.728	1	0	0.475	0	1
22	90	rdw	LR	different	rdw_different	left	-2.17	6.546	right	43	2.644	1	0	0.3925	0	1
22	100	rdw	RL	different	rdw_different	right	2.251	2.722	left	8	-3.383	-1	1	0.431	1	1
22	44	rdw	LL	same	rdw_same	left	-1.816	6.152	left	38	-4.335	-1	1	0.674	1	1
22	94	rdw	LR	different	rdw_different	left	-1.676	6.092	right	37	6.022	1	0	0.3925	0	1
22	176	rdw	RR	same	rdw_same	right	1.929	4.66	right	22	8.105	1	0	0.543	0	1
22	142	rdw	RL	different	rdw_different	right	1.12	6.035	left	36	-5.179	-1	1	0.731	1	1
22	113	rdw	RL	different	rdw_different	right	1.892	3.745	left	14	-4.613	-1	1	0.51	1	1
22	53	rdw	LR	different	rdw_different	left	-0.961	2.657	right	7	2.843	1	0	0.335	0	1
22	20	rdw	LL	same	rdw_same	left	-2.263	4.205	left	18	-3.056	-1	1	0.389	1	1
22	30	rdw	LL	same	rdw_same	left	-1.432	5.195	left	27	-7.161	-1	1	0.462	1	1
22	114	rdw	RL	different	rdw_different	right	1.583	3.228	left	10	-4.674	-1	1	0.401	1	1
22	172	rdw	RR	same	rdw_same	right	1.158	4.684	right	22	3.138	1	0	0.546	0	1
22	26	rdw	LL	same	rdw_same	left	-1.929	4.66	left	22	-8.105	-1	1	0.559	1	1
22	50	rdw	LR	different	rdw_different	left	-2.251	2.722	right	8	3.383	1	0	0.445	0	1
22	192	rdw	RR	same	rdw_same	right	1.954	6.647	right	44	13.663	1	0	0.3925	0	1
22	179	rdw	RR	same	rdw_same	right	1.621	4.376	right	19	14.001	1	0	0.574	0	1
22	184	rdw	RR	same	rdw_same	right	2.325	5.238	right	27	4.616	1	0	0.523	0	1
22	199	rdw	RR	same	rdw_same	right	1.82	6.317	right	40	5.053	1	0	0.559	0	1
22	109	rdw	RL	different	rdw_different	right	1.193	2.511	left	6	-2.767	-1	1	0.33	1	1
22	115	rdw	RL	different	rdw_different	right	2.055	3.917	left	16	-5.82	-1	1	0.355	1	1
22	98	rdw	LR	different	rdw_different	left	-0.971	6.212	right	39	8.275	1	0	0.714	0	1
22	97	rdw	LR	different	rdw_different	left	-1.346	6.31	right	40	3.058	-1	1	0.869	0	0
22	69	rdw	LR	different	rdw_different	left	-2.377	3.329	right	11	2.683	1	0	0.835	0	1
22	161	rdw	RR	same	rdw_same	right	1.454	3.202	right	10	2.972	1	0	0.73	0	1
22	174	rdw	RR	same	rdw_same	right	1.157	4.176	right	17	2.95	1	0	0.587	0	1
22	107	rdw	RL	different	rdw_different	right	2.189	2.964	left	9	-2.592	-1	1	0.333	1	1
22	72	rdw	LR	different	rdw_different	left	-1.283	4.911	right	24	3.587	1	0	0.368	0	1
22	88	rdw	LR	different	rdw_different	left	-1.027	5.533	right	31	3.742	1	0	0.3925	0	1
22	130	rdw	RL	different	rdw_different	right	1.134	4.973	left	25	-3.726	-1	1	0.3925	1	1
22	96	rdw	LR	different	rdw_different	left	-1.995	6.028	right	36	3.041	1	0	0.459	0	1
22	86	rdw	LR	different	rdw_different	left	-1.405	5.417	right	29	4.991	1	0	0.572	0	1
22	101	rdw	RL	different	rdw_different	right	0.806	2.319	left	5	-3.749	-1	1	0.303	1	1
22	18	rdw	LL	same	rdw_same	left	-1.853	3.209	left	10	-4.809	-1	1	0.263	1	1
22	190	rdw	RR	same	rdw_same	right	2.137	6.102	right	37	2.857	-1	1	0.3925	0	0
22	164	rdw	RR	same	rdw_same	right	2.465	3.163	right	10	5.991	1	0	0.301	0	1
22	144	rdw	RL	different	rdw_different	right	1.676	6.092	left	37	-6.022	-1	1	0.603	1	1
22	148	rdw	RL	different	rdw_different	right	0.971	6.212	left	39	-8.275	-1	1	0.723	1	1
22	140	rdw	RL	different	rdw_different	right	2.17	6.546	left	43	-2.644	-1	1	0.733	1	1
22	143	rdw	RL	different	rdw_different	right	1.486	6.421	left	41	-8.888	-1	1	0.563	1	1
22	169	rdw	RR	same	rdw_same	right	1.394	3.481	right	12	5.649	1	0	0.379	0	1
22	25	rdw	LL	same	rdw_same	left	-1.971	4.243	left	18	-3.981	-1	1	0.36	1	1
22	136	rdw	RL	different	rdw_different	right	1.405	5.417	left	29	-4.991	-1	1	0.609	1	1
22	43	rdw	LL	same	rdw_same	left	-1.762	6.619	left	43	-11.962	-1	1	0.629	1	1
22	137	rdw	RL	different	rdw_different	right	1.078	5.502	left	30	-5.305	-1	1	0.488	1	1
22	46	rdw	LL	same	rdw_same	left	-1.185	6.479	left	42	-5.232	1	0	0.3925	1	0
22	4	rdw	LL	same	rdw_same	left	-2.051	2.291	left	5	-3.295	-1	1	0.227	1	1
22	165	rdw	RR	same	rdw_same	right	2.085	3.039	right	9	3.017	1	0	0.345	0	1
22	54	rdw	LR	different	rdw_different	left	-1.113	2.948	right	9	2.555	1	0	0.576	0	1
22	139	rdw	RL	different	rdw_different	right	0.999	5.404	left	30	-9.09	-1	1	0.486	1	1
22	186	rdw	RR	same	rdw_same	right	1.917	5.864	right	35	11.991	1	0	0.462	0	1
22	8	rdw	LL	same	rdw_same	left	-1.147	2.092	left	4	-3.873	-1	1	0.381	1	1
22	13	rdw	LL	same	rdw_same	left	-1.629	3.238	left	11	-7.675	-1	1	0.447	1	1
22	5	rdw	LL	same	rdw_same	left	-2.123	2.129	left	5	-3.169	-1	1	0.539	1	1
22	33	rdw	LL	same	rdw_same	left	-2.547	5.207	left	27	-4.706	-1	1	0.529	1	1
22	81	rdw	LR	different	rdw_different	left	-1.773	5.602	right	31	12.73	1	0	0.49	0	1
22	31	rdw	LL	same	rdw_same	left	-2.689	5.667	left	33	-13.897	-1	1	0.52	1	1
22	59	rdw	LR	different	rdw_different	left	-1.193	2.511	right	6	2.767	1	0	0.596	0	1
22	166	rdw	RR	same	rdw_same	right	1.331	3.134	right	10	7.001	1	0	0.328	0	1
22	103	rdw	RL	different	rdw_different	right	0.961	2.657	left	7	-2.843	-1	1	0.378	1	1
22	63	rdw	LR	different	rdw_different	left	-1.892	3.745	right	14	4.613	1	0	0.532	0	1
22	78	rdw	LR	different	rdw_different	left	-0.87	4.088	right	17	2.599	1	0	0.5	0	1
22	108	rdw	RL	different	rdw_different	right	2.027	2.567	left	7	-4.044	-1	1	0.433	1	1
22	124	rdw	RL	different	rdw_different	right	1.906	4.326	left	19	-4.242	-1	1	0.385	1	1
22	194	rdw	RR	same	rdw_same	right	1.816	6.152	right	38	4.335	1	0	0.678	0	1
22	141	rdw	RL	different	rdw_different	right	1.575	6.045	left	37	-3.812	-1	1	0.487	1	1
22	197	rdw	RR	same	rdw_same	right	2.158	6.978	right	49	5.806	-1	1	0.563	0	0
22	42	rdw	LL	same	rdw_same	left	-1.954	6.647	left	44	-13.663	-1	1	0.596	1	1
22	152	rdw	RR	same	rdw_same	right	2.413	2.537	right	6	6.728	1	0	0.316	0	1
22	126	rdw	RL	different	rdw_different	right	1.794	4.732	left	22	-6.096	-1	1	0.374	1	1
22	40	rdw	LL	same	rdw_same	left	-2.137	6.102	left	37	-2.857	-1	1	0.508	1	1
22	134	rdw	RL	different	rdw_different	right	1.581	5.468	left	30	-3.437	-1	1	0.359	1	1
22	83	rdw	LR	different	rdw_different	left	-1.014	5.344	right	29	3.279	1	0	0.701	0	1
22	14	rdw	LL	same	rdw_same	left	-2.465	3.163	left	10	-5.991	-1	1	0.233	1	1
22	85	rdw	LR	different	rdw_different	left	-1.907	4.917	right	24	2.755	-1	1	0.262	0	0
22	175	rdw	RR	same	rdw_same	right	1.971	4.243	right	18	3.981	1	0	0.372	0	1
22	191	rdw	RR	same	rdw_same	right	2.078	6.196	right	38	11.804	1	0	0.534	0	1
22	125	rdw	RL	different	rdw_different	right	1.007	4.726	left	22	-7.396	-1	1	0.26	1	1
22	6	rdw	LL	same	rdw_same	left	-2.375	2.81	left	8	-5.006	-1	1	0.25	1	1
22	147	rdw	RL	different	rdw_different	right	1.346	6.31	left	40	-3.058	-1	1	0.78	1	1
22	24	rdw	LL	same	rdw_same	left	-1.157	4.176	left	17	-2.95	-1	1	0.292	1	1
22	70	rdw	LR	different	rdw_different	left	-1.926	4.487	right	20	4.387	1	0	0.239	0	1
22	182	rdw	RR	same	rdw_same	right	2.179	5.057	right	26	5.865	1	0	0.398	0	1
22	131	rdw	RL	different	rdw_different	right	1.773	5.602	left	31	-12.73	-1	1	0.314	1	1
22	23	rdw	LL	same	rdw_same	left	-2.217	4.012	left	16	-3.328	-1	1	0.445	1	1
22	52	rdw	LR	different	rdw_different	left	-1.512	2.3	right	5	5.012	1	0	0.408	0	1
22	106	rdw	RL	different	rdw_different	right	0.974	2.955	left	9	-5.179	-1	1	0.312	1	1
22	193	rdw	RR	same	rdw_same	right	1.762	6.619	right	43	11.962	1	0	0.402	0	1
22	156	rdw	RR	same	rdw_same	right	2.375	2.81	right	8	5.006	1	0	0.122	0	1
22	99	rdw	LR	different	rdw_different	left	-1.186	6.295	right	40	3.668	1	0	0.393	0	1
22	169	iid	RR	same	iid_same	right	1.394	3.481	right	12	5.649	1	0	0.298	0	1
22	25	iid	LL	same	iid_same	left	-1.971	4.243	left	18	-3.981	-1	1	0.325	1	1
22	136	iid	RL	different	iid_different	right	1.405	5.417	left	29	-4.991	1	0	0.357	0	1
22	43	iid	LL	same	iid_same	left	-1.762	6.619	left	43	-11.962	-1	1	0.508	1	1
22	137	iid	RL	different	iid_different	right	1.078	5.502	left	30	-5.305	-1	1	0.472	0	0
22	46	iid	LL	same	iid_same	left	-1.185	6.479	left	42	-5.232	1	0	0.544	1	0
22	4	iid	LL	same	iid_same	left	-2.051	2.291	left	5	-3.295	-1	1	0.418	1	1
22	165	iid	RR	same	iid_same	right	2.085	3.039	right	9	3.017	1	0	0.394	0	1
22	54	iid	LR	different	iid_different	left	-1.113	2.948	right	9	2.555	-1	1	0.388	1	1
22	139	iid	RL	different	iid_different	right	0.999	5.404	left	30	-9.09	1	0	0.348	0	1
22	186	iid	RR	same	iid_same	right	1.917	5.864	right	35	11.991	1	0	0.362	0	1
22	8	iid	LL	same	iid_same	left	-1.147	2.092	left	4	-3.873	1	0	0.218	1	0
22	13	iid	LL	same	iid_same	left	-1.629	3.238	left	11	-7.675	-1	1	0.563	1	1
22	5	iid	LL	same	iid_same	left	-2.123	2.129	left	5	-3.169	-1	1	0.417	1	1
22	33	iid	LL	same	iid_same	left	-2.547	5.207	left	27	-4.706	-1	1	0.566	1	1
22	81	iid	LR	different	iid_different	left	-1.773	5.602	right	31	12.73	1	0	0.438	1	0
22	31	iid	LL	same	iid_same	left	-2.689	5.667	left	33	-13.897	-1	1	0.536	1	1
22	59	iid	LR	different	iid_different	left	-1.193	2.511	right	6	2.767	1	0	0.418	1	0
22	166	iid	RR	same	iid_same	right	1.331	3.134	right	10	7.001	1	0	0.315	0	1
22	103	iid	RL	different	iid_different	right	0.961	2.657	left	7	-2.843	1	0	0.269	0	1
22	63	iid	LR	different	iid_different	left	-1.892	3.745	right	14	4.613	-1	1	0.292	1	1
22	78	iid	LR	different	iid_different	left	-0.87	4.088	right	17	2.599	-1	1	0.551	1	1
22	108	iid	RL	different	iid_different	right	2.027	2.567	left	7	-4.044	1	0	0.211	0	1
22	124	iid	RL	different	iid_different	right	1.906	4.326	left	19	-4.242	-1	1	0.4385	0	0
22	194	iid	RR	same	iid_same	right	1.816	6.152	right	38	4.335	1	0	0.508	0	1
22	141	iid	RL	different	iid_different	right	1.575	6.045	left	37	-3.812	1	0	0.606	0	1
22	197	iid	RR	same	iid_same	right	2.158	6.978	right	49	5.806	1	0	0.594	0	1
22	42	iid	LL	same	iid_same	left	-1.954	6.647	left	44	-13.663	1	0	0.355	1	0
22	152	iid	RR	same	iid_same	right	2.413	2.537	right	6	6.728	1	0	0.298	0	1
22	126	iid	RL	different	iid_different	right	1.794	4.732	left	22	-6.096	1	0	0.42	0	1
22	40	iid	LL	same	iid_same	left	-2.137	6.102	left	37	-2.857	1	0	0.365	1	0
22	134	iid	RL	different	iid_different	right	1.581	5.468	left	30	-3.437	1	0	0.3	0	1
22	83	iid	LR	different	iid_different	left	-1.014	5.344	right	29	3.279	1	0	0.381	1	0
22	14	iid	LL	same	iid_same	left	-2.465	3.163	left	10	-5.991	-1	1	0.291	1	1
22	85	iid	LR	different	iid_different	left	-1.907	4.917	right	24	2.755	-1	1	0.343	1	1
22	175	iid	RR	same	iid_same	right	1.971	4.243	right	18	3.981	1	0	0.376	0	1
22	191	iid	RR	same	iid_same	right	2.078	6.196	right	38	11.804	1	0	0.437	0	1
22	125	iid	RL	different	iid_different	right	1.007	4.726	left	22	-7.396	1	0	0.249	0	1
22	6	iid	LL	same	iid_same	left	-2.375	2.81	left	8	-5.006	-1	1	0.247	1	1
22	147	iid	RL	different	iid_different	right	1.346	6.31	left	40	-3.058	-1	1	0.392	0	0
22	24	iid	LL	same	iid_same	left	-1.157	4.176	left	17	-2.95	-1	1	0.214	1	1
22	70	iid	LR	different	iid_different	left	-1.926	4.487	right	20	4.387	-1	1	0.796	1	1
22	182	iid	RR	same	iid_same	right	2.179	5.057	right	26	5.865	1	0	0.367	0	1
22	131	iid	RL	different	iid_different	right	1.773	5.602	left	31	-12.73	-1	1	0.701	0	0
22	23	iid	LL	same	iid_same	left	-2.217	4.012	left	16	-3.328	-1	1	0.306	1	1
22	52	iid	LR	different	iid_different	left	-1.512	2.3	right	5	5.012	1	0	0.467	1	0
22	106	iid	RL	different	iid_different	right	0.974	2.955	left	9	-5.179	1	0	0.171	0	1
22	193	iid	RR	same	iid_same	right	1.762	6.619	right	43	11.962	1	0	0.518	0	1
22	156	iid	RR	same	iid_same	right	2.375	2.81	right	8	5.006	1	0	0.458	0	1
22	99	iid	LR	different	iid_different	left	-1.186	6.295	right	40	3.668	-1	1	0.529	1	1
22	163	rdw	RR	same	rdw_same	right	1.629	3.238	right	11	7.675	1	0	0.329	0	1
22	7	rdw	LL	same	rdw_same	left	-2.172	2.398	left	6	-6.377	-1	1	0.234	1	1
22	27	rdw	LL	same	rdw_same	left	-2.389	4.145	left	17	-3.429	-1	1	0.441	1	1
22	74	rdw	LR	different	rdw_different	left	-1.906	4.326	right	19	4.242	1	0	0.285	0	1
22	196	rdw	RR	same	rdw_same	right	1.185	6.479	right	42	5.232	1	0	0.379	0	1
22	154	rdw	RR	same	rdw_same	right	2.051	2.291	right	5	3.295	1	0	0.215	0	1
22	118	rdw	RL	different	rdw_different	right	1.071	3.23	left	10	-4.659	-1	1	0.273	1	1
22	157	rdw	RR	same	rdw_same	right	2.172	2.398	right	6	6.377	1	0	0.197	0	1
22	153	rdw	RR	same	rdw_same	right	1.229	2.32	right	5	4.069	1	0	0.122	0	1
22	3	rdw	LL	same	rdw_same	left	-1.229	2.32	left	5	-4.069	-1	1	0.215	1	1
22	104	rdw	RL	different	rdw_different	right	1.113	2.948	left	9	-2.555	1	0	0.304	1	0
22	47	rdw	LL	same	rdw_same	left	-2.158	6.978	left	49	-5.806	-1	1	0.593	1	1
22	84	rdw	LR	different	rdw_different	left	-1.581	5.468	right	30	3.437	1	0	0.442	0	1
22	61	rdw	LR	different	rdw_different	left	-0.973	3.878	right	15	2.704	1	0	0.443	0	1
22	135	rdw	RL	different	rdw_different	right	1.907	4.917	left	24	-2.755	-1	1	0.559	1	1
22	170	rdw	RR	same	rdw_same	right	2.263	4.205	right	18	3.056	1	0	0.362	0	1
22	28	rdw	LL	same	rdw_same	left	-1.983	4.508	left	20	-4.197	-1	1	0.367	1	1
22	120	rdw	RL	different	rdw_different	right	1.926	4.487	left	20	-4.387	-1	1	0.469	1	1
22	48	rdw	LL	same	rdw_same	left	-2.101	6.227	left	39	-4.733	-1	1	0.583	1	1
22	162	rdw	RR	same	rdw_same	right	1.311	3.437	right	12	3.281	1	0	0.415	0	1
22	73	rdw	LR	different	rdw_different	left	-2.056	4.699	right	22	3.118	1	0	0.468	0	1
22	112	rdw	RL	different	rdw_different	right	1.05	3.553	left	13	-3.169	-1	1	0.501	1	1
22	60	rdw	LR	different	rdw_different	left	-0.889	3.379	right	11	3.456	1	0	0.304	0	1
22	32	rdw	LL	same	rdw_same	left	-2.179	5.057	left	26	-5.865	-1	1	0.3925	1	1
22	177	rdw	RR	same	rdw_same	right	2.389	4.145	right	17	3.429	1	0	0.34	0	1
22	36	rdw	LL	same	rdw_same	left	-1.917	5.864	left	35	-11.991	-1	1	0.233	1	1
22	132	rdw	RL	different	rdw_different	right	0.915	5.411	left	29	-4.576	-1	1	0.371	1	1
22	117	rdw	RL	different	rdw_different	right	1.011	3.712	left	14	-2.576	-1	1	0.124	1	1
22	75	rdw	LR	different	rdw_different	left	-1.007	4.726	right	22	7.396	1	0	0.323	0	1
22	34	rdw	LL	same	rdw_same	left	-2.325	5.238	left	27	-4.616	-1	1	0.384	1	1
22	111	rdw	RL	different	rdw_different	right	0.973	3.878	left	15	-2.704	-1	1	0.093	1	1
22	89	rdw	LR	different	rdw_different	left	-0.999	5.404	right	30	9.09	1	0	0.353	0	1
22	123	rdw	RL	different	rdw_different	right	2.056	4.699	left	22	-3.118	-1	1	0.156	1	1
22	178	rdw	RR	same	rdw_same	right	1.983	4.508	right	20	4.197	1	0	0.368	0	1
22	127	rdw	RL	different	rdw_different	right	1.239	4.403	left	19	-7.711	-1	1	0.17	1	1
22	35	rdw	LL	same	rdw_same	left	-2.32	5.071	left	26	-7.877	-1	1	0.361	1	1
22	198	rdw	RR	same	rdw_same	right	2.101	6.227	right	39	4.733	1	0	0.3925	0	1
22	87	rdw	LR	different	rdw_different	left	-1.078	5.502	right	30	5.305	1	0	0.307	0	1
22	158	rdw	RR	same	rdw_same	right	1.147	2.092	right	4	3.873	1	0	0.217	0	1
22	110	rdw	RL	different	rdw_different	right	0.889	3.379	left	11	-3.456	-1	1	0.127	1	1
22	91	rdw	LR	different	rdw_different	left	-1.575	6.045	right	37	3.812	1	0	0.363	0	1
22	187	rdw	RR	same	rdw_same	right	1.988	5.494	right	30	5.674	1	0	0.376	0	1
22	145	rdw	RL	different	rdw_different	right	1.969	6.295	left	40	-10.722	-1	1	0.462	1	1
22	51	rdw	LR	different	rdw_different	left	-0.806	2.319	right	5	3.749	1	0	0.279	0	1
22	16	rdw	LL	same	rdw_same	left	-1.331	3.134	left	10	-7.001	-1	1	0.392	1	1
22	58	rdw	LR	different	rdw_different	left	-2.027	2.567	right	7	4.044	1	0	0.286	0	1
22	21	rdw	LL	same	rdw_same	left	-2.081	4.839	left	24	-11.931	-1	1	0.517	1	1
22	49	rdw	LL	same	rdw_same	left	-1.82	6.317	left	40	-5.053	-1	1	0.746	1	1
22	64	rdw	LR	different	rdw_different	left	-1.583	3.228	right	10	4.674	-1	1	0.3925	0	0
22	68	rdw	LR	different	rdw_different	left	-1.071	3.23	right	10	4.659	1	0	0.238	0	1
22	163	iid	RR	same	iid_same	right	1.629	3.238	right	11	7.675	1	0	0.315	0	1
22	7	iid	LL	same	iid_same	left	-2.172	2.398	left	6	-6.377	-1	1	0.227	1	1
22	27	iid	LL	same	iid_same	left	-2.389	4.145	left	17	-3.429	-1	1	0.277	1	1
22	74	iid	LR	different	iid_different	left	-1.906	4.326	right	19	4.242	-1	1	0.343	1	1
22	196	iid	RR	same	iid_same	right	1.185	6.479	right	42	5.232	1	0	0.396	0	1
22	154	iid	RR	same	iid_same	right	2.051	2.291	right	5	3.295	1	0	0.224	0	1
22	118	iid	RL	different	iid_different	right	1.071	3.23	left	10	-4.659	1	0	0.233	0	1
22	157	iid	RR	same	iid_same	right	2.172	2.398	right	6	6.377	1	0	0.375	0	1
22	153	iid	RR	same	iid_same	right	1.229	2.32	right	5	4.069	1	0	0.361	0	1
22	3	iid	LL	same	iid_same	left	-1.229	2.32	left	5	-4.069	-1	1	0.182	1	1
22	104	iid	RL	different	iid_different	right	1.113	2.948	left	9	-2.555	1	0	0.132	0	1
22	47	iid	LL	same	iid_same	left	-2.158	6.978	left	49	-5.806	-1	1	0.775	1	1
22	84	iid	LR	different	iid_different	left	-1.581	5.468	right	30	3.437	-1	1	0.822	1	1
22	61	iid	LR	different	iid_different	left	-0.973	3.878	right	15	2.704	1	0	0.496	1	0
22	135	iid	RL	different	iid_different	right	1.907	4.917	left	24	-2.755	-1	1	0.443	0	0
22	170	iid	RR	same	iid_same	right	2.263	4.205	right	18	3.056	1	0	0.307	0	1
22	28	iid	LL	same	iid_same	left	-1.983	4.508	left	20	-4.197	-1	1	0.724	1	1
22	120	iid	RL	different	iid_different	right	1.926	4.487	left	20	-4.387	1	0	0.84	0	1
22	48	iid	LL	same	iid_same	left	-2.101	6.227	left	39	-4.733	-1	1	0.795	1	1
22	162	iid	RR	same	iid_same	right	1.311	3.437	right	12	3.281	1	0	0.328	0	1
22	73	iid	LR	different	iid_different	left	-2.056	4.699	right	22	3.118	-1	1	0.4385	1	1
22	112	iid	RL	different	iid_different	right	1.05	3.553	left	13	-3.169	1	0	0.274	0	1
22	60	iid	LR	different	iid_different	left	-0.889	3.379	right	11	3.456	-1	1	0.281	1	1
22	32	iid	LL	same	iid_same	left	-2.179	5.057	left	26	-5.865	-1	1	0.383	1	1
22	177	iid	RR	same	iid_same	right	2.389	4.145	right	17	3.429	1	0	0.39	0	1
22	36	iid	LL	same	iid_same	left	-1.917	5.864	left	35	-11.991	-1	1	0.56	1	1
22	132	iid	RL	different	iid_different	right	0.915	5.411	left	29	-4.576	-1	1	0.675	0	0
22	117	iid	RL	different	iid_different	right	1.011	3.712	left	14	-2.576	1	0	0.377	0	1
22	75	iid	LR	different	iid_different	left	-1.007	4.726	right	22	7.396	-1	1	0.426	1	1
22	34	iid	LL	same	iid_same	left	-2.325	5.238	left	27	-4.616	1	0	0.412	1	0
22	111	iid	RL	different	iid_different	right	0.973	3.878	left	15	-2.704	-1	1	0.4385	0	0
22	89	iid	LR	different	iid_different	left	-0.999	5.404	right	30	9.09	1	0	0.464	1	0
22	123	iid	RL	different	iid_different	right	2.056	4.699	left	22	-3.118	1	0	0.475	0	1
22	178	iid	RR	same	iid_same	right	1.983	4.508	right	20	4.197	1	0	0.798	0	1
22	127	iid	RL	different	iid_different	right	1.239	4.403	left	19	-7.711	1	0	0.4385	0	1
22	35	iid	LL	same	iid_same	left	-2.32	5.071	left	26	-7.877	-1	1	0.676	1	1
22	198	iid	RR	same	iid_same	right	2.101	6.227	right	39	4.733	-1	1	0.521	0	0
22	87	iid	LR	different	iid_different	left	-1.078	5.502	right	30	5.305	-1	1	0.336	1	1
22	158	iid	RR	same	iid_same	right	1.147	2.092	right	4	3.873	1	0	0.277	0	1
22	110	iid	RL	different	iid_different	right	0.889	3.379	left	11	-3.456	1	0	0.325	0	1
22	91	iid	LR	different	iid_different	left	-1.575	6.045	right	37	3.812	1	0	0.473	1	0
22	187	iid	RR	same	iid_same	right	1.988	5.494	right	30	5.674	1	0	0.408	0	1
22	145	iid	RL	different	iid_different	right	1.969	6.295	left	40	-10.722	1	0	0.45	0	1
22	51	iid	LR	different	iid_different	left	-0.806	2.319	right	5	3.749	1	0	0.192	1	0
22	16	iid	LL	same	iid_same	left	-1.331	3.134	left	10	-7.001	-1	1	0.439	1	1
22	58	iid	LR	different	iid_different	left	-2.027	2.567	right	7	4.044	-1	1	0.562	1	1
22	21	iid	LL	same	iid_same	left	-2.081	4.839	left	24	-11.931	-1	1	0.302	1	1
22	49	iid	LL	same	iid_same	left	-1.82	6.317	left	40	-5.053	1	0	0.509	1	0
22	64	iid	LR	different	iid_different	left	-1.583	3.228	right	10	4.674	-1	1	0.398	1	1
22	68	iid	LR	different	iid_different	left	-1.071	3.23	right	10	4.659	1	0	0.531	1	0
